Suite/Test/Step Name,Browser,Description,Tag,Start time,End time,Duration,Status
Get,,,,2023-09-19 16:39:48,2023-09-19 16:39:52,4.662s,PASSED
,,,,,,,
Test Cases/Get,,,,2023-09-19 16:39:48,2023-09-19 16:39:52,4.174s,PASSED
"response = sendRequest(findTestObject(""New Request (1)""))",,,,2023-09-19 16:39:49,2023-09-19 16:39:52,3.479s,PASSED
"verifyResponseStatusCode(response, 200)",,,,2023-09-19 16:39:52,2023-09-19 16:39:52,0.041s,PASSED
"verifyElementPropertyValue(response, ""data[2].email"", ""tobias.funke@reqres.in"")",,,,2023-09-19 16:39:52,2023-09-19 16:39:52,0.106s,PASSED
