Suite/Test/Step Name,Browser,Description,Tag,Start time,End time,Duration,Status
fakestoreapi,,,,2023-10-09 15:53:25,2023-10-09 15:53:52,26.649s,PASSED
,,,,,,,
Test Cases/positive-get all user data,,,,2023-10-09 15:53:26,2023-10-09 15:53:33,7.153s,PASSED
"response = sendRequest(findTestObject(""User""))",,,,2023-10-09 15:53:27,2023-10-09 15:53:33,6.056s,PASSED
"verifyResponseStatusCode(response, 200)",,,,2023-10-09 15:53:33,2023-10-09 15:53:33,0.029s,PASSED
,,,,,,,
Test Cases/positive-get a user data,,,,2023-10-09 15:53:33,2023-10-09 15:53:35,2.557s,PASSED
"response = sendRequest(findTestObject(""User""))",,,,2023-10-09 15:53:34,2023-10-09 15:53:35,1.464s,PASSED
"verifyResponseStatusCode(response, 200)",,,,2023-10-09 15:53:35,2023-10-09 15:53:35,0.016s,PASSED
"verifyElementPropertyValue(response, ""[6].email"", ""miriam@gmail.com"")",,,,2023-10-09 15:53:35,2023-10-09 15:53:35,0.209s,PASSED
,,,,,,,
Test Cases/positive-delete a product,,,,2023-10-09 15:53:35,2023-10-09 15:53:38,2.238s,PASSED
"responseProduct = sendRequest(findTestObject(""Delete Product""))",,,,2023-10-09 15:53:36,2023-10-09 15:53:38,1.434s,PASSED
"verifyResponseStatusCode(responseProduct, 200)",,,,2023-10-09 15:53:38,2023-10-09 15:53:38,0.000s,PASSED
,,,,,,,
Test Cases/positive-get a product data,,,,2023-10-09 15:53:38,2023-10-09 15:53:40,2.273s,PASSED
"responseProduct = sendRequest(findTestObject(""Product""))",,,,2023-10-09 15:53:39,2023-10-09 15:53:40,1.380s,PASSED
"verifyResponseStatusCode(responseProduct, 200)",,,,2023-10-09 15:53:40,2023-10-09 15:53:40,0.000s,PASSED
"verifyElementPropertyValue(responseProduct, ""[1].title"", ""Mens Casual Premium Slim Fit T-Shirts "")",,,,2023-10-09 15:53:40,2023-10-09 15:53:40,0.065s,PASSED
,,,,,,,
Test Cases/positive-get a product data based on category in descending orders,,,,2023-10-09 15:53:40,2023-10-09 15:53:42,2.157s,PASSED
"responseProductDesc = sendRequest(findTestObject(""Product Category Desc""))",,,,2023-10-09 15:53:41,2023-10-09 15:53:42,1.333s,PASSED
"verifyResponseStatusCode(responseProductDesc, 200)",,,,2023-10-09 15:53:42,2023-10-09 15:53:42,0.000s,PASSED
,,,,,,,
Test Cases/positive-get a user cart data,,,,2023-10-09 15:53:42,2023-10-09 15:53:45,2.422s,PASSED
"responseCart = sendRequest(findTestObject(""Cart""))",,,,2023-10-09 15:53:43,2023-10-09 15:53:45,1.454s,PASSED
"verifyResponseStatusCode(responseCart, 200)",,,,2023-10-09 15:53:45,2023-10-09 15:53:45,0.000s,PASSED
"verifyElementPropertyValue(responseCart, ""[5].products[0].quantity"", 2)",,,,2023-10-09 15:53:45,2023-10-09 15:53:45,0.064s,PASSED
,,,,,,,
Test Cases/positive-get all user cart data,,,,2023-10-09 15:53:45,2023-10-09 15:53:47,2.108s,PASSED
"responseCart = sendRequest(findTestObject(""Cart""))",,,,2023-10-09 15:53:45,2023-10-09 15:53:47,1.284s,PASSED
"verifyResponseStatusCode(responseCart, 200)",,,,2023-10-09 15:53:47,2023-10-09 15:53:47,0.000s,PASSED
,,,,,,,
Test Cases/login with valid credentials,,,,2023-10-09 15:53:47,2023-10-09 15:53:49,2.686s,PASSED
builder = new com.kms.katalon.core.testobject.RestRequestObjectBuilder(),,,,2023-10-09 15:53:48,2023-10-09 15:53:48,0.018s,PASSED
"requestObject = UrlEncodedBodyParameter(password, ewedon)]).build()",,Create a new POST object using builder,,2023-10-09 15:53:48,2023-10-09 15:53:48,0.079s,PASSED
response = sendRequest(requestObject),,,,2023-10-09 15:53:48,2023-10-09 15:53:49,1.562s,PASSED
"verifyResponseStatusCode(response, 200)",,,,2023-10-09 15:53:49,2023-10-09 15:53:49,0.000s,PASSED
,,,,,,,
Test Cases/negative-login with invalid password,,,,2023-10-09 15:53:49,2023-10-09 15:53:52,2.071s,PASSED
builder = new com.kms.katalon.core.testobject.RestRequestObjectBuilder(),,,,2023-10-09 15:53:50,2023-10-09 15:53:50,0.001s,PASSED
"requestObject = UrlEncodedBodyParameter(password, wwww)]).build()",,Create a new POST object using builder,,2023-10-09 15:53:50,2023-10-09 15:53:50,0.000s,PASSED
response = sendRequest(requestObject),,,,2023-10-09 15:53:50,2023-10-09 15:53:52,1.109s,PASSED
"verifyResponseStatusCode(response, 401)",,,,2023-10-09 15:53:52,2023-10-09 15:53:52,0.000s,PASSED
