Suite/Test/Step Name,Browser,Description,Tag,Start time,End time,Duration,Status
fakestoreapi,,,,2023-10-09 17:30:55,2023-10-09 17:31:19,23.776s,PASSED
,,,,,,,
Test Cases/login with valid credentials,,,,2023-10-09 17:30:56,2023-10-09 17:31:01,4.889s,PASSED
builder = new com.kms.katalon.core.testobject.RestRequestObjectBuilder(),,,,2023-10-09 17:30:56,2023-10-09 17:30:56,0.018s,PASSED
"requestObject = UrlEncodedBodyParameter(password, ewedon)]).build()",,Create a new POST object using builder,,2023-10-09 17:30:56,2023-10-09 17:30:56,0.104s,PASSED
response = sendRequest(requestObject),,,,2023-10-09 17:30:56,2023-10-09 17:31:01,4.023s,PASSED
"verifyResponseStatusCode(response, 200)",,,,2023-10-09 17:31:01,2023-10-09 17:31:01,0.028s,PASSED
,,,,,,,
Test Cases/negative-login with invalid pass,,,,2023-10-09 17:31:01,2023-10-09 17:31:02,1.766s,PASSED
builder = new com.kms.katalon.core.testobject.RestRequestObjectBuilder(),,,,2023-10-09 17:31:01,2023-10-09 17:31:01,0.002s,PASSED
"requestObject = UrlEncodedBodyParameter(password, wwww)]).build()",,Create a new POST object using builder,,2023-10-09 17:31:01,2023-10-09 17:31:01,0.000s,PASSED
response = sendRequest(requestObject),,,,2023-10-09 17:31:01,2023-10-09 17:31:02,1.198s,PASSED
"verifyResponseStatusCode(response, 401)",,,,2023-10-09 17:31:02,2023-10-09 17:31:02,0.000s,PASSED
,,,,,,,
Test Cases/negative-login with invalid username,,,,2023-10-09 17:31:02,2023-10-09 17:31:04,1.687s,PASSED
builder = new com.kms.katalon.core.testobject.RestRequestObjectBuilder(),,,,2023-10-09 17:31:03,2023-10-09 17:31:03,0.002s,PASSED
"requestObject = UrlEncodedBodyParameter(password, ewedon)]).build()",,Create a new POST object using builder,,2023-10-09 17:31:03,2023-10-09 17:31:03,0.000s,PASSED
response = sendRequest(requestObject),,,,2023-10-09 17:31:03,2023-10-09 17:31:04,1.150s,PASSED
"verifyResponseStatusCode(response, 401)",,,,2023-10-09 17:31:04,2023-10-09 17:31:04,0.000s,PASSED
,,,,,,,
Test Cases/positive-delete a cart,,,,2023-10-09 17:31:04,2023-10-09 17:31:06,1.618s,PASSED
"responseDelCart = sendRequest(findTestObject(""Delete Cart""))",,,,2023-10-09 17:31:04,2023-10-09 17:31:06,1.186s,PASSED
"verifyResponseStatusCode(responseDelCart, 200)",,,,2023-10-09 17:31:06,2023-10-09 17:31:06,0.015s,PASSED
,,,,,,,
Test Cases/positive-delete a product,,,,2023-10-09 17:31:06,2023-10-09 17:31:07,1.646s,PASSED
"responseDelProduct = sendRequest(findTestObject(""Delete Product""))",,,,2023-10-09 17:31:06,2023-10-09 17:31:07,1.186s,PASSED
"verifyResponseStatusCode(responseDelProduct, 200)",,,,2023-10-09 17:31:07,2023-10-09 17:31:07,0.000s,PASSED
,,,,,,,
Test Cases/positive-delete a user,,,,2023-10-09 17:31:07,2023-10-09 17:31:09,1.588s,PASSED
"responseDelUser = sendRequest(findTestObject(""Delete User""))",,,,2023-10-09 17:31:08,2023-10-09 17:31:09,1.153s,PASSED
"verifyResponseStatusCode(responseDelUser, 200)",,,,2023-10-09 17:31:09,2023-10-09 17:31:09,0.000s,PASSED
,,,,,,,
Test Cases/positive-get a product data,,,,2023-10-09 17:31:09,2023-10-09 17:31:11,1.782s,PASSED
"responseProduct = sendRequest(findTestObject(""Product""))",,,,2023-10-09 17:31:10,2023-10-09 17:31:11,0.974s,PASSED
"verifyResponseStatusCode(responseProduct, 200)",,,,2023-10-09 17:31:11,2023-10-09 17:31:11,0.000s,PASSED
"verifyElementPropertyValue(responseProduct, ""[1].title"", ""Mens Casual Premium Slim Fit T-Shirts "")",,,,2023-10-09 17:31:11,2023-10-09 17:31:11,0.160s,PASSED
,,,,,,,
Test Cases/positive-get a product data based on category in descending orders,,,,2023-10-09 17:31:11,2023-10-09 17:31:12,1.250s,PASSED
"responseProductDesc = sendRequest(findTestObject(""Product Category Desc""))",,,,2023-10-09 17:31:11,2023-10-09 17:31:12,0.844s,PASSED
"verifyResponseStatusCode(responseProductDesc, 200)",,,,2023-10-09 17:31:12,2023-10-09 17:31:12,0.000s,PASSED
,,,,,,,
Test Cases/positive-get a user cart data,,,,2023-10-09 17:31:12,2023-10-09 17:31:14,1.704s,PASSED
"responseCart = sendRequest(findTestObject(""Cart""))",,,,2023-10-09 17:31:12,2023-10-09 17:31:14,1.166s,PASSED
"verifyResponseStatusCode(responseCart, 200)",,,,2023-10-09 17:31:14,2023-10-09 17:31:14,0.000s,PASSED
"verifyElementPropertyValue(responseCart, ""[5].products[0].quantity"", 2)",,,,2023-10-09 17:31:14,2023-10-09 17:31:14,0.027s,PASSED
,,,,,,,
Test Cases/positive-get a user data,,,,2023-10-09 17:31:14,2023-10-09 17:31:15,1.631s,PASSED
"response = sendRequest(findTestObject(""User""))",,,,2023-10-09 17:31:14,2023-10-09 17:31:15,1.170s,PASSED
"verifyResponseStatusCode(response, 200)",,,,2023-10-09 17:31:15,2023-10-09 17:31:15,0.000s,PASSED
"verifyElementPropertyValue(response, ""[6].email"", ""miriam@gmail.com"")",,,,2023-10-09 17:31:15,2023-10-09 17:31:15,0.026s,PASSED
,,,,,,,
Test Cases/positive-get all user cart data,,,,2023-10-09 17:31:15,2023-10-09 17:31:17,1.940s,PASSED
"responseCart = sendRequest(findTestObject(""Cart""))",,,,2023-10-09 17:31:16,2023-10-09 17:31:17,1.359s,PASSED
"verifyResponseStatusCode(responseCart, 200)",,,,2023-10-09 17:31:17,2023-10-09 17:31:17,0.000s,PASSED
,,,,,,,
Test Cases/positive-get all user data,,,,2023-10-09 17:31:17,2023-10-09 17:31:19,1.678s,PASSED
"response = sendRequest(findTestObject(""User""))",,,,2023-10-09 17:31:18,2023-10-09 17:31:19,1.201s,PASSED
"verifyResponseStatusCode(response, 200)",,,,2023-10-09 17:31:19,2023-10-09 17:31:19,0.000s,PASSED
