Suite/Test/Step Name,Browser,Description,Tag,Start time,End time,Duration,Status
fakestoreapi,,,,2023-10-10 16:39:23,2023-10-10 16:40:01,37.408s,PASSED
,,,,,,,
Test Cases/negative - POST Login with invalid password,,,,2023-10-10 16:39:24,2023-10-10 16:39:29,4.962s,PASSED
builder = new com.kms.katalon.core.testobject.RestRequestObjectBuilder(),,,,2023-10-10 16:39:25,2023-10-10 16:39:25,0.019s,PASSED
"requestObject = UrlEncodedBodyParameter(password, wwww)]).build()",,Create a new POST object using builder,,2023-10-10 16:39:25,2023-10-10 16:39:25,0.050s,PASSED
response = sendRequest(requestObject),,,,2023-10-10 16:39:25,2023-10-10 16:39:29,4.145s,PASSED
"verifyResponseStatusCode(response, 401)",,,,2023-10-10 16:39:29,2023-10-10 16:39:29,0.051s,PASSED
,,,,,,,
Test Cases/negative - POST Login with invalid username,,,,2023-10-10 16:39:29,2023-10-10 16:39:32,3.043s,PASSED
builder = new com.kms.katalon.core.testobject.RestRequestObjectBuilder(),,,,2023-10-10 16:39:30,2023-10-10 16:39:30,0.002s,PASSED
"requestObject = UrlEncodedBodyParameter(password, ewedon)]).build()",,Create a new POST object using builder,,2023-10-10 16:39:30,2023-10-10 16:39:30,0.000s,PASSED
response = sendRequest(requestObject),,,,2023-10-10 16:39:30,2023-10-10 16:39:32,2.353s,PASSED
"verifyResponseStatusCode(response, 401)",,,,2023-10-10 16:39:32,2023-10-10 16:39:32,0.000s,PASSED
,,,,,,,
Test Cases/negative - POST Product with invalid data,,,,2023-10-10 16:39:32,2023-10-10 16:39:34,1.662s,PASSED
"responsePostProductInvData = sendRequest(findTestObject(""Post Product Invalid Data""))",,,,2023-10-10 16:39:33,2023-10-10 16:39:34,1.002s,PASSED
"verifyResponseStatusCode(responsePostProductInvData, 400)",,,,2023-10-10 16:39:34,2023-10-10 16:39:34,0.000s,PASSED
,,,,,,,
Test Cases/negative - POST Product with invalid endpoint,,,,2023-10-10 16:39:34,2023-10-10 16:39:35,1.867s,PASSED
"responsePostProductInvUrl = sendRequest(findTestObject(""Post Product invalid url""))",,,,2023-10-10 16:39:34,2023-10-10 16:39:35,1.222s,PASSED
"verifyResponseStatusCode(responsePostProductInvUrl, 404)",,,,2023-10-10 16:39:35,2023-10-10 16:39:35,0.000s,PASSED
,,,,,,,
Test Cases/negative - POST User with invalid data,,,,2023-10-10 16:39:35,2023-10-10 16:39:38,2.625s,PASSED
"responsePostProductInvUrl = sendRequest(findTestObject(""Post User Invalid URL""))",,,,2023-10-10 16:39:36,2023-10-10 16:39:38,2.012s,PASSED
"verifyResponseStatusCode(responsePostProductInvUrl, 404)",,,,2023-10-10 16:39:38,2023-10-10 16:39:38,0.000s,PASSED
,,,,,,,
Test Cases/negative - POST User with invalid endpoint,,,,2023-10-10 16:39:38,2023-10-10 16:39:40,1.506s,PASSED
"responsePostUserInvUrl = sendRequest(findTestObject(""Post User Invalid URL""))",,,,2023-10-10 16:39:39,2023-10-10 16:39:40,0.987s,PASSED
"verifyResponseStatusCode(responsePostUserInvUrl, 404)",,,,2023-10-10 16:39:40,2023-10-10 16:39:40,0.000s,PASSED
,,,,,,,
Test Cases/positive - DELETE a cart,,,,2023-10-10 16:39:40,2023-10-10 16:39:41,1.695s,PASSED
"responseDelCart = sendRequest(findTestObject(""Delete Cart""))",,,,2023-10-10 16:39:40,2023-10-10 16:39:41,1.187s,PASSED
"verifyResponseStatusCode(responseDelCart, 200)",,,,2023-10-10 16:39:41,2023-10-10 16:39:41,0.000s,PASSED
,,,,,,,
Test Cases/positive - DELETE a product,,,,2023-10-10 16:39:41,2023-10-10 16:39:43,2.027s,PASSED
"responseDelProduct = sendRequest(findTestObject(""Delete Product""))",,,,2023-10-10 16:39:42,2023-10-10 16:39:43,1.425s,PASSED
"verifyResponseStatusCode(responseDelProduct, 200)",,,,2023-10-10 16:39:43,2023-10-10 16:39:43,0.000s,PASSED
,,,,,,,
Test Cases/positive - DELETE a user,,,,2023-10-10 16:39:43,2023-10-10 16:39:45,1.999s,PASSED
"responseDelUser = sendRequest(findTestObject(""Delete User""))",,,,2023-10-10 16:39:44,2023-10-10 16:39:45,1.467s,PASSED
"verifyResponseStatusCode(responseDelUser, 200)",,,,2023-10-10 16:39:45,2023-10-10 16:39:45,0.000s,PASSED
,,,,,,,
Test Cases/positive - GET a cart data,,,,2023-10-10 16:39:45,2023-10-10 16:39:47,1.792s,PASSED
"responseCart = sendRequest(findTestObject(""Cart""))",,,,2023-10-10 16:39:46,2023-10-10 16:39:47,1.174s,PASSED
"verifyResponseStatusCode(responseCart, 200)",,,,2023-10-10 16:39:47,2023-10-10 16:39:47,0.000s,PASSED
"verifyElementPropertyValue(responseCart, ""[5].products[0].quantity"", 2)",,,,2023-10-10 16:39:47,2023-10-10 16:39:47,0.134s,PASSED
,,,,,,,
Test Cases/positive - GET a product data,,,,2023-10-10 16:39:47,2023-10-10 16:39:49,1.511s,PASSED
"responseProduct = sendRequest(findTestObject(""Product""))",,,,2023-10-10 16:39:48,2023-10-10 16:39:49,0.991s,PASSED
"verifyResponseStatusCode(responseProduct, 200)",,,,2023-10-10 16:39:49,2023-10-10 16:39:49,0.000s,PASSED
"verifyElementPropertyValue(responseProduct, ""[1].title"", ""Mens Casual Premium Slim Fit T-Shirts "")",,,,2023-10-10 16:39:49,2023-10-10 16:39:49,0.047s,PASSED
,,,,,,,
Test Cases/positive - GET a product data based on category in descending orders,,,,2023-10-10 16:39:49,2023-10-10 16:39:51,1.994s,PASSED
"responseProductDesc = sendRequest(findTestObject(""Product Category Desc""))",,,,2023-10-10 16:39:49,2023-10-10 16:39:51,1.516s,PASSED
"verifyResponseStatusCode(responseProductDesc, 200)",,,,2023-10-10 16:39:51,2023-10-10 16:39:51,0.000s,PASSED
,,,,,,,
Test Cases/positive - GET a user data,,,,2023-10-10 16:39:51,2023-10-10 16:39:52,1.733s,PASSED
"response = sendRequest(findTestObject(""User""))",,,,2023-10-10 16:39:51,2023-10-10 16:39:52,1.207s,PASSED
"verifyResponseStatusCode(response, 200)",,,,2023-10-10 16:39:52,2023-10-10 16:39:52,0.000s,PASSED
"verifyElementPropertyValue(response, ""[6].email"", ""miriam@gmail.com"")",,,,2023-10-10 16:39:52,2023-10-10 16:39:52,0.032s,PASSED
,,,,,,,
Test Cases/positive - GET all cart data,,,,2023-10-10 16:39:52,2023-10-10 16:39:54,1.963s,PASSED
"responseCart = sendRequest(findTestObject(""Cart""))",,,,2023-10-10 16:39:53,2023-10-10 16:39:54,1.452s,PASSED
"verifyResponseStatusCode(responseCart, 200)",,,,2023-10-10 16:39:54,2023-10-10 16:39:54,0.000s,PASSED
,,,,,,,
Test Cases/positive - GET all user data,,,,2023-10-10 16:39:54,2023-10-10 16:39:56,1.585s,PASSED
"response = sendRequest(findTestObject(""User""))",,,,2023-10-10 16:39:55,2023-10-10 16:39:56,1.124s,PASSED
"verifyResponseStatusCode(response, 200)",,,,2023-10-10 16:39:56,2023-10-10 16:39:56,0.000s,PASSED
,,,,,,,
Test Cases/positive - POST Login with valid credentials,,,,2023-10-10 16:39:56,2023-10-10 16:39:57,1.332s,PASSED
builder = new com.kms.katalon.core.testobject.RestRequestObjectBuilder(),,,,2023-10-10 16:39:57,2023-10-10 16:39:57,0.001s,PASSED
"requestObject = UrlEncodedBodyParameter(password, ewedon)]).build()",,Create a new POST object using builder,,2023-10-10 16:39:57,2023-10-10 16:39:57,0.000s,PASSED
response = sendRequest(requestObject),,,,2023-10-10 16:39:57,2023-10-10 16:39:57,0.779s,PASSED
"verifyResponseStatusCode(response, 200)",,,,2023-10-10 16:39:57,2023-10-10 16:39:57,0.000s,PASSED
,,,,,,,
Test Cases/positive - POST Product with valid data,,,,2023-10-10 16:39:57,2023-10-10 16:39:59,1.561s,PASSED
"responsePostProduct = sendRequest(findTestObject(""Post Product""))",,,,2023-10-10 16:39:58,2023-10-10 16:39:59,1.003s,PASSED
"verifyResponseStatusCode(responsePostProduct, 200)",,,,2023-10-10 16:39:59,2023-10-10 16:39:59,0.000s,PASSED
,,,,,,,
Test Cases/positive - POST User with valid data,,,,2023-10-10 16:39:59,2023-10-10 16:40:01,1.843s,PASSED
"responsePostUser = sendRequest(findTestObject(""Post User""))",,,,2023-10-10 16:40:00,2023-10-10 16:40:01,1.318s,PASSED
"verifyResponseStatusCode(responsePostUser, 200)",,,,2023-10-10 16:40:01,2023-10-10 16:40:01,0.000s,PASSED
