Suite/Test/Step Name,Browser,Description,Tag,Start time,End time,Duration,Status
Get,,,,2023-09-19 16:43:10,2023-09-19 16:43:15,5.014s,PASSED
,,,,,,,
Test Cases/Get,,,,2023-09-19 16:43:10,2023-09-19 16:43:15,4.478s,PASSED
"response = sendRequest(findTestObject(""Get""))",,,,2023-09-19 16:43:11,2023-09-19 16:43:15,3.697s,PASSED
"verifyResponseStatusCode(response, 200)",,,,2023-09-19 16:43:15,2023-09-19 16:43:15,0.034s,PASSED
"verifyElementPropertyValue(response, ""data[2].email"", ""tobias.funke@reqres.in"")",,,,2023-09-19 16:43:15,2023-09-19 16:43:15,0.127s,PASSED
