Suite/Test/Step Name,Browser,Description,Tag,Start time,End time,Duration,Status
fakestoreapi,,,,2023-10-09 16:19:54,2023-10-09 16:20:13,19.147s,PASSED
,,,,,,,
Test Cases/positive-get all user data,,,,2023-10-09 16:19:55,2023-10-09 16:20:00,5.111s,PASSED
"response = sendRequest(findTestObject(""User""))",,,,2023-10-09 16:19:55,2023-10-09 16:20:00,4.472s,PASSED
"verifyResponseStatusCode(response, 200)",,,,2023-10-09 16:20:00,2023-10-09 16:20:00,0.030s,PASSED
,,,,,,,
Test Cases/positive-get a user data,,,,2023-10-09 16:20:00,2023-10-09 16:20:01,1.553s,PASSED
"response = sendRequest(findTestObject(""User""))",,,,2023-10-09 16:20:00,2023-10-09 16:20:01,0.844s,PASSED
"verifyResponseStatusCode(response, 200)",,,,2023-10-09 16:20:01,2023-10-09 16:20:01,0.000s,PASSED
"verifyElementPropertyValue(response, ""[6].email"", ""miriam@gmail.com"")",,,,2023-10-09 16:20:01,2023-10-09 16:20:01,0.108s,PASSED
,,,,,,,
Test Cases/positive-delete a product,,,,2023-10-09 16:20:01,2023-10-09 16:20:03,1.284s,PASSED
"responseDelProduct = sendRequest(findTestObject(""Delete Product""))",,,,2023-10-09 16:20:02,2023-10-09 16:20:03,0.843s,PASSED
"verifyResponseStatusCode(responseDelProduct, 200)",,,,2023-10-09 16:20:03,2023-10-09 16:20:03,0.000s,PASSED
,,,,,,,
Test Cases/positive-get a product data,,,,2023-10-09 16:20:03,2023-10-09 16:20:04,1.463s,PASSED
"responseProduct = sendRequest(findTestObject(""Product""))",,,,2023-10-09 16:20:03,2023-10-09 16:20:04,0.981s,PASSED
"verifyResponseStatusCode(responseProduct, 200)",,,,2023-10-09 16:20:04,2023-10-09 16:20:04,0.000s,PASSED
"verifyElementPropertyValue(responseProduct, ""[1].title"", ""Mens Casual Premium Slim Fit T-Shirts "")",,,,2023-10-09 16:20:04,2023-10-09 16:20:04,0.041s,PASSED
,,,,,,,
Test Cases/positive-get a product data based on category in descending orders,,,,2023-10-09 16:20:04,2023-10-09 16:20:06,1.807s,PASSED
"responseProductDesc = sendRequest(findTestObject(""Product Category Desc""))",,,,2023-10-09 16:20:05,2023-10-09 16:20:06,1.182s,PASSED
"verifyResponseStatusCode(responseProductDesc, 200)",,,,2023-10-09 16:20:06,2023-10-09 16:20:06,0.000s,PASSED
,,,,,,,
Test Cases/positive-get a user cart data,,,,2023-10-09 16:20:06,2023-10-09 16:20:08,1.916s,PASSED
"responseCart = sendRequest(findTestObject(""Cart""))",,,,2023-10-09 16:20:07,2023-10-09 16:20:08,1.346s,PASSED
"verifyResponseStatusCode(responseCart, 200)",,,,2023-10-09 16:20:08,2023-10-09 16:20:08,0.000s,PASSED
"verifyElementPropertyValue(responseCart, ""[5].products[0].quantity"", 2)",,,,2023-10-09 16:20:08,2023-10-09 16:20:08,0.045s,PASSED
,,,,,,,
Test Cases/positive-get all user cart data,,,,2023-10-09 16:20:08,2023-10-09 16:20:10,1.723s,PASSED
"responseCart = sendRequest(findTestObject(""Cart""))",,,,2023-10-09 16:20:09,2023-10-09 16:20:10,1.145s,PASSED
"verifyResponseStatusCode(responseCart, 200)",,,,2023-10-09 16:20:10,2023-10-09 16:20:10,0.000s,PASSED
,,,,,,,
Test Cases/login with valid credentials,,,,2023-10-09 16:20:10,2023-10-09 16:20:11,1.512s,PASSED
builder = new com.kms.katalon.core.testobject.RestRequestObjectBuilder(),,,,2023-10-09 16:20:10,2023-10-09 16:20:10,0.001s,PASSED
"requestObject = UrlEncodedBodyParameter(password, ewedon)]).build()",,Create a new POST object using builder,,2023-10-09 16:20:10,2023-10-09 16:20:10,0.048s,PASSED
response = sendRequest(requestObject),,,,2023-10-09 16:20:10,2023-10-09 16:20:11,0.770s,PASSED
"verifyResponseStatusCode(response, 200)",,,,2023-10-09 16:20:11,2023-10-09 16:20:11,0.000s,PASSED
,,,,,,,
Test Cases/negative-login with invalid password,,,,2023-10-09 16:20:11,2023-10-09 16:20:13,1.338s,PASSED
builder = new com.kms.katalon.core.testobject.RestRequestObjectBuilder(),,,,2023-10-09 16:20:12,2023-10-09 16:20:12,0.002s,PASSED
"requestObject = UrlEncodedBodyParameter(password, wwww)]).build()",,Create a new POST object using builder,,2023-10-09 16:20:12,2023-10-09 16:20:12,0.000s,PASSED
response = sendRequest(requestObject),,,,2023-10-09 16:20:12,2023-10-09 16:20:13,0.739s,PASSED
"verifyResponseStatusCode(response, 401)",,,,2023-10-09 16:20:13,2023-10-09 16:20:13,0.000s,PASSED
,,,,,,,
Test Cases/positive-delete a product,,,,2023-10-09 16:20:13,2023-10-09 16:20:13,0.834s,PASSED
"responseDelProduct = sendRequest(findTestObject(""Delete Product""))",,,,2023-10-09 16:20:13,2023-10-09 16:20:13,0.834s,PASSED
"verifyResponseStatusCode(responseDelProduct, 200)",,,,2023-10-09 16:20:13,2023-10-09 16:20:13,0.000s,PASSED
