Suite/Test/Step Name,Browser,Description,Tag,Start time,End time,Duration,Status
fakestoreapi,,,,2023-10-08 23:49:21,2023-10-08 23:49:37,15.810s,PASSED
,,,,,,,
Test Cases/positive-get all user data,,,,2023-10-08 23:49:21,2023-10-08 23:49:27,5.171s,PASSED
"response = sendRequest(findTestObject(""User""))",,,,2023-10-08 23:49:22,2023-10-08 23:49:27,4.462s,PASSED
"verifyResponseStatusCode(response, 200)",,,,2023-10-08 23:49:27,2023-10-08 23:49:27,0.045s,PASSED
,,,,,,,
Test Cases/positive-get a user data,,,,2023-10-08 23:49:27,2023-10-08 23:49:28,1.800s,PASSED
"response = sendRequest(findTestObject(""User""))",,,,2023-10-08 23:49:27,2023-10-08 23:49:28,1.211s,PASSED
"verifyResponseStatusCode(response, 200)",,,,2023-10-08 23:49:28,2023-10-08 23:49:28,0.017s,PASSED
"verifyElementPropertyValue(response, ""[6].email"", ""miriam@gmail.com"")",,,,2023-10-08 23:49:28,2023-10-08 23:49:28,0.116s,PASSED
,,,,,,,
Test Cases/positive-delete a product,,,,2023-10-08 23:49:28,2023-10-08 23:49:30,1.699s,PASSED
"responseProduct = sendRequest(findTestObject(""Delete Product""))",,,,2023-10-08 23:49:29,2023-10-08 23:49:30,1.188s,PASSED
"verifyResponseStatusCode(responseProduct, 200)",,,,2023-10-08 23:49:30,2023-10-08 23:49:30,0.000s,PASSED
,,,,,,,
Test Cases/positive-get a product data,,,,2023-10-08 23:49:30,2023-10-08 23:49:32,1.477s,PASSED
"responseProduct = sendRequest(findTestObject(""Product""))",,,,2023-10-08 23:49:31,2023-10-08 23:49:32,0.965s,PASSED
"verifyResponseStatusCode(responseProduct, 200)",,,,2023-10-08 23:49:32,2023-10-08 23:49:32,0.000s,PASSED
"verifyElementPropertyValue(responseProduct, ""[1].title"", ""Mens Casual Premium Slim Fit T-Shirts "")",,,,2023-10-08 23:49:32,2023-10-08 23:49:32,0.046s,PASSED
,,,,,,,
Test Cases/positive-get a product data based on category in descending orders,,,,2023-10-08 23:49:32,2023-10-08 23:49:33,1.686s,PASSED
"responseProductDesc = sendRequest(findTestObject(""Product Category Desc""))",,,,2023-10-08 23:49:32,2023-10-08 23:49:33,1.199s,PASSED
"verifyResponseStatusCode(responseProductDesc, 200)",,,,2023-10-08 23:49:33,2023-10-08 23:49:33,0.016s,PASSED
,,,,,,,
Test Cases/positive-get a user cart data,,,,2023-10-08 23:49:33,2023-10-08 23:49:35,1.685s,PASSED
"responseCart = sendRequest(findTestObject(""Cart""))",,,,2023-10-08 23:49:34,2023-10-08 23:49:35,1.131s,PASSED
"verifyResponseStatusCode(responseCart, 200)",,,,2023-10-08 23:49:35,2023-10-08 23:49:35,0.004s,PASSED
"verifyElementPropertyValue(responseCart, ""[5].products[0].quantity"", 2)",,,,2023-10-08 23:49:35,2023-10-08 23:49:35,0.039s,PASSED
,,,,,,,
Test Cases/positive-get all user cart data,,,,2023-10-08 23:49:35,2023-10-08 23:49:37,1.644s,PASSED
"responseCart = sendRequest(findTestObject(""Cart""))",,,,2023-10-08 23:49:35,2023-10-08 23:49:37,1.139s,PASSED
"verifyResponseStatusCode(responseCart, 200)",,,,2023-10-08 23:49:37,2023-10-08 23:49:37,0.001s,PASSED
